{"daily/day": 5572, "daily/avg_reward": 5.271086115829173, "daily/supply_satisfaction": 0.4389482028336038, "daily/reservoir_level": 0.5573026914941289, "daily/apfd_deviation": 0.0, "daily/exploration_reward": 0.514263486067454, "global_step": 23, "_timestamp": 1753195283.8881564, "_runtime": 1134.5468983650208, "_step": 133731, "policy/episode": 1393, "policy/total_steps": 133728, "policy/update_timestamp": 1753195283.738979, "policy/value_loss": 343.24468994140625, "policy/policy_loss": -0.013844947134202812, "policy/ratio": 0.9991762638092041, "policy/actor_param_mean": 0.00499905738979578, "policy/actor_param_std": 0.1109546422958374, "policy/critic_param_mean": 0.005996780935674906, "policy/critic_param_std": 0.12768849730491638, "monitor/episode": 1393, "monitor/episode_reward": 3.2730097462956005, "monitor/episode_steps": 96, "monitor/total_steps": 133728, "monitor/training_time": 1131.3926212787628, "monitor/phase": "initial", "monitor/exploration_active": true, "monitor/timestamp": 1753195283.7429788, "monitor/current_phase": "initial", "train/episode": 1393, "train/episode_steps": 96, "train/total_steps": 133728, "train/episode_time": 0.8018841743469238, "rewards/step_reward": 6.64020426784315, "rewards/episode_reward_total": 3.2730097462956005, "rewards/episode_reward_normalized": 0.034093851523912505, "rewards/daily_reward": 0.8182524365739001, "rewards/hourly_reward": 0.034093851523912505, "metrics/supply_satisfaction": 0.9681465985089117, "metrics/reservoir_safety": 1.0, "rewards/components/supply": 0.3978897530702287, "rewards/components/safety": 1.547437351248849, "rewards/components/ecological": 0.8, "rewards/components/stability": 0.07017739460337177, "rewards/components/shaping": 1.0303419827402653, "rewards/components/exploration": 0.5196910611788432, "rewards/cumulative/supply": 38.197416294741956, "rewards/cumulative/safety": 148.5539857198895, "rewards/cumulative/ecological": 76.80000000000001, "rewards/weights/supply": 0.09114335844452263, "rewards/weights/safety": 0.35446662319655864, "rewards/weights/ecological": 0.18325349218718998, "rewards/weights/stability": 0.01607531579208292, "rewards/weights/shaping": 0.23601720810528382, "rewards/weights/exploration": 0.11904400227436202, "training/phase": "initial", "training/exploration_active": 1, "step/total_steps": 133700, "step/episode": 1393, "step/episode_step": 68, "step/reward": 5.442981264685892, "step/episode_reward_cumulative": 2.32263673846155, "step/timestamp": 1753195283.358734, "step/agent_rewards_mean": 5.442981264685892, "step/agent_rewards_std": 1.9541223883786583, "step/agent_rewards_max": 7.031259846878758, "step/agent_rewards_min": 1.6433051088930908, "step/value_function": 590.1975708007812, "step/action_mean": -0.11961746960878372, "step/action_std": 1.139857292175293, "step/supply_satisfaction": 0.9999999999990858, "step/reservoir_level": 1.0, "step/reward_components_total": 3.010405685800322, "step/phase": "initial", "step/exploration_active": 1, "reservoirs/total_volume": 87254406.70312883, "reservoirs/total_capacity": 166650000.0, "reservoirs/avg_level": 0.5331358675138251, "reservoirs/min_level": 0.4617505391681132, "reservoirs/max_level": 0.6803227377981205, "reservoirs/level_std": 0.05835329385680355, "plants/total_demand": 262554.30843961285, "plants/avg_demand": 87518.10281320428, "supply/total_supply": 10939.762851650536, "supply/avg_supply": 3646.587617216845, "balance/supply_demand_ratio": 1.0, "balance/demand_satisfaction_rate": 1.0, "safety/low_level_reservoirs": 0, "safety/critical_level_reservoirs": 0, "safety/high_level_reservoirs": 0, "safety/safe_reservoirs": 12, "system/memory_usage_mb": 11997.171875, "system/memory_percent": 36.8, "system/cpu_percent": 12.1, "system/gpu_memory_used_mb": 22.712890625, "system/gpu_memory_cached_mb": 154.0, "milestones/episodes_10": 1390, "milestones/total_steps_10": 133440, "milestones/timestamp": 1753195281.3352036, "detailed/total_steps": 133000, "detailed/episode": 1386, "detailed/timestamp": 1753195277.5184786, "detailed/reservoir_0_level": 0.610826263051149, "detailed/reservoir_1_level": 0.4600218647328022, "detailed/reservoir_2_level": 0.5264510896336425, "detailed/reservoir_3_level": 0.4604207411006069, "detailed/reservoir_4_level": 0.5200221543148017, "detailed/agent_rewards/plant_0": 0.2455219253232846, "detailed/agent_rewards/plant_1": -0.16167985712935584, "detailed/agent_rewards/plant_2": -0.2729461818737742, "detailed/agent_rewards/reservoir_0": 5.7548932969804465, "detailed/agent_rewards/reservoir_1": 8.07624742817929, "eval/reward": 54.826242915423464}